{"cameraMode":{"drawMode":0,"name":"Shaded","section":"Shading Mode"},"sceneLighting":true,"audioPlay":false,"sceneViewState":{"m_AlwaysRefresh":false,"showFog":true,"showSkybox":true,"showFlares":true,"showImageEffects":true,"showParticleSystems":true,"showVisualEffectGraphs":true,"m_FxEnabled":true},"in2DMode":false,"pivot":{"x":6.952969551086426,"y":2.3779420852661135,"z":13.944708824157715},"rotation":{"x":-0.10487542301416397,"y":-0.39061614871025088,"z":0.04484650492668152,"w":-0.9134646654129028},"size":0.01877690851688385,"orthographic":false}